{
  "hosting": {
    "public": "./",
    "ignore": [
      "firebase.json",
      "database-rules.json",
      "storage.rules",
      "functions"
    ],
    "headers": [
      {
        "source": "**/*.@(js|html)",
        "headers": [
          {
            "key": "Cache-Control",
            "value": "max-age=0"
          }
        ]
      }
    ],
    "rewrites": [
      {
        "source": "**",
        "destination": "/index.html"
      }
    ]
  },
  "firestore": {
    "rules": "firestore.rules",
    "indexes": "firestore.indexes.json"
  }
}

